"Asleap","website","Demonstrates a serious deficiency in proprietary Cisco LEAP networks. Since LEAP uses a variant of MS-CHAPv2 for the authentication exchange, it is susceptible to accelerated offline dictionary attacks. Asleap can also attack the Point-to-Point Tunneling Protocol (PPTP), and any MS-CHAPv2 exchange where you can specify the challenge and response values on the command line."
"ddrescue","website","Like dd, dd_rescue does copy data from one file or block device to another. You can specify file positions (called seek and Skip in dd)."
"Pyrit","website","Pyrit allows you to create databases of pre-computed WPA/WPA2-PSK PMKs. By using Multi-Core CPUs and ATI-Stream,Nvidia CUDA, and OpenCL, it is a powerful attack against one of the world&#039;s most used security-protocols."
"Inguma","website","Inguma is a penetration testing toolkit entirely written in python. The framework includes modules to discover hosts, gather information about, fuzz targets, brute force user names and passwords and, of course, exploits."
"rtpmixsound","website","A tool to mix pre-recorded audio in real-time with the audio (i.e. RTP) in the specified target audio stream."
"gr-scan","website","gr-scan is a program written in C++, and built upon GNU Radio, rtl-sdr, and the OsmoSDR Source Block. It is intended to scan a range of frequencies and print a list of discovered signals. It should work with any device that works with that block, including Realtek RTL2832U devices."
"multiforcer","website","A CUDA &amp; OpenCL accelerated rainbow table implementation from the ground up, and a CUDA hash brute forcing tool with support for many hash types including MD5, SHA1, LM, NTLM, and lots more."
"kalibrate-rtl","website","Kalibrate, or kal, can scan for GSM base stations in a given frequency band and can use those GSM base stations to calculate the local oscillator frequency offset."
"rebind","website","Rebind is a tool that implements the multiple A record DNS rebinding attack. Although this tool was originally written to target home routers, it can be used to target any public (non RFC1918) IP address. Rebind provides an external attacker access to a target router&#039;s internal Web interface."
"DIRB","website","DIRB is a Web Content Scanner. It looks for existing (and/or hidden) Web Objects. It basically works by launching a dictionary based attack against a web server and analizing the response."
"cisco-global-exploiter","website","Cisco Global Exploiter (CGE), is an advanced, simple and fast security testing tool.&lt;p&gt;"
"javasnoop","website","JavaSnoop allows you to attach to an existing process (like a debugger) and instantly begin tampering with method calls, run custom code, or just watch what&#039;s happening on the system."
"dnmap","website","dnmap is a framework to distribute nmap scans among several clients. It reads an already created file with nmap commands and send those commands to each client connected to it."
"cisco-auditing-tool","website","Perl script which scans cisco routers for common vulnerabilities.&lt;p&gt;"
"WebSlayer","website","Webslayer is a tool designed for brute forcing Web Applications, it can be used for finding resources not linked (directories, servlets, scripts,files, etc), brute force GET and POST parameters, bruteforce Forms parameters (User/Password), Fuzzing, etc."
"DBPwAudit","website","DBPwAudit is a Java tool that allows you to perform online audits of password quality for several database engines. The application design allows for easy adding of additional database drivers by simply copying new JDBC drivers to the jdbc directory."
"BBQSQL","website","Blind SQL injection can be a pain to exploit. When the available tools work they work well, but when they don&#039;t you have to write something custom. This is time-consuming and tedious. BBQSQL can help you address those issues."
"dex2jar","website","dex2jar contains multiple components to work with .dex files."
"content="Metasploit","website","Metasploit is a penetration testing platform that enables you to find, exploit, and validate vulnerabilities."
"gpp-decrypt","website","A simple ruby script that will decrypt a given GPP encrypted string."
"DFF","website","DFF (Digital Forensics Framework) is a free and Open Source computer forensics software built on top of a dedicated Application Programming Interface (API)."
"BeEF","website","BeEF is short for The Browser Exploitation Framework. It is a penetration testing tool that focuses on the web browser."
"Easside-ng","website","Easside-ng is an auto-magic tool which allows you to communicate via an WEP-encrypted access point (AP) without knowing the WEP key."
"Reaver","website","Reaver implements a brute force attack against Wifi Protected Setup (WPS) registrar PINs in order to recover WPA/WPA2 passphrases, as described in http://sviehb.files.wordpress.com/2011/12/viehboeck_wps.pdf."
"content="Backdoor","website","The goal of BDF is patch executable binaries with user desidered shellcode and continue normal execution of the prepatched state."
"Termineter","website","Termineter is a framework written in python to provide a platform for the security testing of smart meters. It implements the C12.18 and C12.19 protocols for communication."
"Weevely","website","Weevely is a stealth PHP web shell that simulate telnet-like connection. It is an essential tool for web application post exploitation, and can be used as stealth backdoor or as a web shell to manage legit web accounts, even free hosted ones."
"ivstools","website","ivstools is included in the aircrack-ng package and is used to merge and covert .ivs files."
"extundelete","website","extundelete is a utility that can recover deleted files from an ext3 or ext4 partition. The ext3 and ext4 file systems are the most common default file systems in Linux distributions like Mint, Mageia, or Ubuntu."
"content="Airdecap-ng","website","
"&lt;p style=&quot;text-align: justify;&quot;&gt;Airdecap-ng can decrypt WEP/WPA/WPA2 capture files and it can also be used to strip the wireless headers from an unencrypted wireless capture."
"Winexe","website","Winexe remotely executes commands on Windows NT/2000/XP/2003 systems from GNU/Linux (and possibly also from other Unices capable of building the Samba 4 software package)."
"mdk3","website","MDK is a proof-of-concept tool to exploit common IEEE 802.11 protocol weaknesses. IMPORTANT: It is your responsibility to make sure you have permission from the network owner before running MDK against it."
"Amap","website","Amap was the first next-generation scanning tool for pentesters. It attempts to identify applications even if they are running on a different port than normal."
"dnstracer","website","dnstracer determines where a given Domain Name Server (DNS) gets its information from for a given hostname, and follows the chain of DNS servers back to the authoritative answer."
"pdfid","website","This tool is not a PDF parser, but it will scan a file to look for certain PDF keywords, allowing you to identify PDF documents that contain (for example) JavaScript or execute an action when opened. PDFiD will also handle name obfuscation."
"jad","website","A Java decompiler"
"findmyhash","website","Crack hashes with online services."
"HexInject","website","HexInject is a very versatile packet injector and sniffer, that provide a command-line framework for raw network access."
"Recon-ng","website","Recon-ng is a full-featured Web Reconnaissance framework written in Python. Complete with independent modules, database interaction, built in convenience functions, interactive help, and command completion, Recon-ng provides a powerful environment in which open source web-based reconnaissance can be conducted quickly and thoroughly."
"p0f","website","P0f is a tool that utilizes an array of sophisticated, purely passive traffic fingerprinting mechanisms to identify the players behind any incidental TCP/IP communications (often as little as a single normal SYN) without interfering in any way."
"Cuckoo","website","Cuckoo Sandbox is a malware analysis system. You can throw any suspicious file at it and in a matter of seconds Cuckoo will provide you back some detailed results outlining what such file did when executed inside an isolated environment."
"eapmd5pass","website","This tool reads from a live network interface in monitor-mode, or from a stored libpcap capture file, and extracts the portions of the EAP-MD5 authentication exchange. Once the challenge and response portions have been collected from this exchange, eapmd5pass will mount an offline dictionary attack against the user&#039;s password."
"chntpw","website","This little program provides a way to view information and change user passwords in a Windows NT/2000 user database file. Old passwords need not be known since they are overwritten."
"w3af","website","w3af is a Web Application Attack and Audit Framework which aims to identify and exploit all web application vulnerabilities. This package provides a graphical user interface (GUI) for the framework."
"OSRFramework","website","OSRFramework is a set of libraries to perform Open Source Intelligence tasks. They include references to a bunch of different applications related to username checking, DNS lookups, information leaks research, deep web search, regular expressions extraction, and many others. At the same time, by means of ad-hoc Maltego transforms, OSRFramework provides a way of making these queries graphically as well as several interfaces to interact with like OSRFConsole or a Web interface."
"Xplico","website","The goal of Xplico is extract from an internet traffic capture the applications data contained. For example, from a pcap file Xplico extracts each email (POP, IMAP, and SMTP protocols), all HTTP contents, each VoIP call (SIP, MGCP, H323), FTP, TFTP, and so on. Xplico is not a network protocol analyzer."
"dbd","website","dbd is a Netcat-clone, designed to be portable and offer strong encryption. It runs on Unix-like operating systems and on Microsoft Win32. dbd features AES-CBC-128 + HMAC-SHA1 encryption (by Christophe Devine), program execution (-e option), choosing source port, continuous reconnection with delay, and some other nice features."
"smtp-user-enum","website","smtp-user-enum is a tool for enumerating OS-level user accounts on Solaris via the SMTP service (sendmail). Enumeration is performed by inspecting the responses to VRFY, EXPN and RCPT TO commands. It could be adapted to work against other vulnerable SMTP daemons, but this hasn’t been done as of v1.0."
"bulk-extractor","website","bulk_extractor is a program that extracts features such as email addresses, credit card numbers, URLs, and other types of information from digital evidence files."
"tnscmd10g","website","A tool to prod the oracle tnslsnr process on port 1521/tcp.&lt;p&gt;"
"BruteSpray","website","BruteSpray takes nmap GNMAP/XML output and automatically brute-forces services with default credentials using Medusa. BruteSpray can even find non-standard ports by using the -sV inside Nmap."
"SIPArmyKnife","website","SIP Army Knife is a fuzzer that searches for cross site scripting, SQL injection, log injection, format strings, buffer overflows, and more."
"plecost","website","Wordpress finger printer tool, plecost search and retrieve information about the plugins versions installed in Wordpress systems. It can analyze a single URL or perform an analysis based on the results indexed by Google. Additionally displays CVE code associated with each plugin."
"THC-SSL-DOS","website","THC-SSL-DOS is a tool to verify the performance of SSL. Establishing a secure SSL connection requires 15x more processing power on the server than on the client. THC-SSL-DOS exploits this asymmetric property by overloading the server and knocking it off the Internet."
"WebScarab","website","WebScarab is designed to be a tool for anyone who needs to expose the workings of an HTTP(S) based application, whether to allow the developer to debug otherwise difficult problems, or to allow a security specialist to identify vulnerabilities in the way that the application has been designed or implemented."
"pwnat","website","pwnat, pronounced &quot;poe-nat&quot;, is a tool that allows any number of clients behind NATs to communicate with a server behind a separate NAT with *no* port forwarding and *no* DMZ setup on any routers in order to directly communicate with each other. The server does not need to know anything about the clients trying to connect."
"Bluepot","website","Bluepot was a third year university project attempting to implement a fully functional Bluetooth Honeypot. A piece of software designed to accept and store any malware sent to it and interact with common Bluetooth attacks such as &quot;BlueBugging?&quot; and &quot;BlueSnarfing?&quot;. Bluetooth connectivity is provided via hardware Bluetooth dongles."
"InTrace","website","InTrace is a traceroute-like application that enables users to enumerate IP hops exploiting existing TCP connections, both initiated from local network (local system) or from remote hosts. It could be useful for network reconnaissance and firewall bypassing."
"mfterm","website","mfterm is a terminal interface for working with Mifare Classic tags."
"Oscanner","website","Oscanner is an Oracle assessment framework developed in Java. It has a plugin-based architecture."
"GISKismet","website","GISKismet is a wireless recon visualization tool to represent data gathered using Kismet in a flexible manner. GISKismet stores the information in a database so that the user can generate graphs using SQL. GISKismet currently uses SQLite for the database and GoogleEarth / KML files for graphing."
"Aireplay-ng","website","Aireplay-ng is included in the aircrack-ng package and is used to inject wireless frames. Its main role is to generate traffic for later use in aircrack-ng for cracking WEP and WPA-PSK keys. Aireplay-ng has many attacks that can deauthenticate wireless clients for the purpose of capturing WPA handshake data, fake authentications, interactive packet replay, hand-crafted ARP request injection, and ARP-request reinjection."
"THC-IPV6","website","A complete tool set to attack the inherent protocol weaknesses of IPV6 and ICMP6, and includes an easy to use packet factory library."
"Grabber","website","Grabber is a web application scanner. Basically it detects some kind of vulnerabilities in your website. Grabber is simple, not fast but portable and really adaptable."
"JD-GUI","website","JD-GUI is a standalone graphical utility that displays Java source codes of &quot;.class&quot; files. You can browse the reconstructed source code with the JD-GUI for instant access to methods and fields."
"Parsero","website","Parsero is a free script written in Python which reads the Robots.txt file of a web server and looks at the Disallow entries. The Disallow entries tell the search engines what directories or files hosted on a web server mustn&#039;t be indexed."
"mitmproxy","website","mitmproxy is an SSL-capable man-in-the-middle HTTP proxy. It provides a console interface that allows traffic flows to be inspected and edited on the fly. Also shipped is mitmdump, the command-line version of mitmproxy, with the same functionality but without the frills."
"Armitage","website","Armitage is a scriptable red team collaboration tool for Metasploit that visualizes targets, recommends exploits, and exposes the advanced post-exploitation features in the framework."
"content="Cookie","website","Cookie Cadger helps identify information leakage from applications that utilize insecure HTTP GET requests."
"SIPp","website","SIPp is a free Open Source test tool / traffic generator for the SIP protocol. It includes a few basic SipStone user agent scenarios (UAC and UAS) and establishes and releases multiple calls with the INVITE and BYE methods. It can also reads custom XML scenario files describing from very simple to complex call flows."
"goofile","website","Use this tool to search for a specific file type in a given domain.&lt;p&gt;"
"Nipper-ng","website","Nipper-ng is the next generation of nippper, and will always remain free and open source. This software will be used to make observations about the security configurations of many different device types such as routers, firewalls, and switches of a network infrastructure. This is a fork from nipper 0.11.10 release of the GNUv3 GPL code."
"makeivs-ng","website","makeivs-ng is part of the aircrack-ng package and is used to generate an IVS dump file with a given WEP key.  The aim of the tool is to provide a way to create dumps with a  known encryption key for testing."
"smali","website","smali/baksmali is an assembler/disassembler for the dex format used by dalvik, Android&#039;s Java VM implementation. The syntax is loosely based on Jasmin&#039;s/dedexer&#039;s syntax, and supports the full functionality of the dex format (annotations, debug info, line info, etc.) "
"Airolib-ng","website","Airolib-ng is an aircrack-ng suite tool designed to store and manage essid and password lists, compute their Pairwise Master Keys (PMKs) and use them in WPA/WPA2 cracking. The program uses the lightweight SQLite3 database as the storage mechanism which is available on most platforms."
"PACK","website","PACK was developed in order to aid in a password cracking competition &quot;Crack Me If You Can&quot; that occurred during Defcon 2010. The goal of this toolkit is to aid in preparation for the &quot;better than bruteforce&quot; password attacks by analyzing common ways that people create passwords."
"sqlmap","website","sqlmap is an open source penetration testing tool that automates the process of detecting and exploiting SQL injection flaws and taking over of database servers."
"ipv6-toolkit","website","The SI6 Networks&#039; IPv6 toolkit is a set of IPv6 security assessment and trouble-shooting tools. It can be leveraged to perform security assessments of IPv6 networks, assess the resiliency of IPv6 devices by performing real-world attacks against them, and to trouble-shoot IPv6 networking problems."
"pdgmail","website","Python script to gather gmail artifacts from a pd process memory dump. It&#039;ll find what it can out of the memory image including contacts, emails, last acccess times, IP addresses etc."
"Besside-ng","website","Besside-ng is a tool like Besside-ng but it support also WPA encryption. It will crack automatically all the WEP networks in range and log the WPA handshakes."
"crackle","website","crackle exploits a flaw in the BLE pairing process that allows an attacker to guess or very quickly brute force the TK (Temporary Key). With the TK and other data collected from the pairing process, the STK (Short Term Key) and later the LTK (Long Term Key) can be collected."
"BlueMaho","website","BlueMaho is GUI-shell (interface) for suite of tools for testing security of bluetooth devices. It is freeware, opensource, written on python, uses wxPyhon. It can be used for testing BT-devices for known vulnerabilities and major thing to do - testing to find unknown vulns."
"BED","website","BED is a program which is designed to check daemons for potential buffer overflows, format strings et. al."
"Arachni","website","Arachni is an Open Source, feature-full, modular, high-performance Ruby framework aimed towards helping penetration testers and administrators evaluate the security of web applications."
"Sqlninja","website","Fancy going from a SQL Injection on Microsoft SQL Server to a full GUI access on the DB? Take a few new SQL Injection tricks, add a couple of remote shots in the registry to disable Data Execution Prevention, mix with a little Perl that automatically generates a debug script, put all this in a shaker with a Metasploit wrapper, shake well and you have just one of the attack modules of sqlninja."
"KillerBee","website","KillerBee is a Python based framework and tool set for exploring and exploiting the security of ZigBee and IEEE 802.15.4 networks. Using KillerBee tools and a compatible IEEE 802.15.4 radio interface, you can eavesdrop on ZigBee networks, replay traffic, attack cryptosystems and much more."
"PowerSploit","website","PowerSploit is a series of Microsoft PowerShell scripts that can be used in post-exploitation scenarios during authorized penetration tests."
"zaproxy","website","The OWASP Zed Attack Proxy (ZAP) is an easy to use integrated penetration testing tool for finding vulnerabilities in web applications."
"Statsprocessor","website","Statsprocessor is a high-performance word-generator based on per-position markov-attack packed into a single stand-alone binary."
"sslstrip","website","sslstrip is a tool that transparently hijacks HTTP traffic on a network, watch for HTTPS links and redirects, and then map those links into look-alike HTTP links or homograph-similar HTTPS links. It also supports modes for supplying a favicon which looks like a lock icon, selective logging, and session denial."
"peepdf","website","peepdf is a Python tool to explore PDF files in order to find out if the file can be harmful or not. The aim of this tool is to provide all the necessary components that a security researcher could need in a PDF analysis without using 3 or 4 tools to make all the tasks."
"MSFPC","website","MSFvenom Payload Creator (MSFPC) is a wrapper that generates multiple types of payloads, based on user-selected options. The idea is to be as simple as possible (using as few as one option) to produce a payload."
"OllyDbg","website","OllyDbg is a 32-bit assembler level analysing debugger for Microsoft Windows. Emphasis on binary code analysis makes it particularly useful in cases where source is unavailable."
"SIPVicious","website","SIPVicious suite is a set of tools that can be used to audit SIP based VoIP systems. It currently consists of four tools."
"content="John","website","John the Ripper is designed to be both feature-rich and fast. It combines several cracking modes in one program and is fully configurable for your particular needs (you can even define a custom cracking mode using the built-in compiler supporting a subset of C). "
"creddump","website","creddump is a python tool to extract various credentials and secrets from Windows registry hives."
"Airbase-ng","website","Airbase-ng is included in the aircrack-ng package. It is a multi-purpose tool aimed at attacking clients as opposed to the Access Point itself."
"Bully","website","Bully is a new implementation of the WPS brute force attack, written in C. It is conceptually identical to other programs, in that it exploits the (now well known) design flaw in the WPS specification."
"Wifite","website","To attack multiple WEP, WPA, and WPS encrypted networks in a row. This tool is customizable to be automated with only a few arguments. Wifite aims to be the &quot;set it and forget it&quot; wireless auditing tool."
"U3-Pwn","website","U3-Pwn is a tool designed to automate injecting executables to Sandisk smart usb devices with default U3 software install. This is performed by removing the original iso file from the device and creating a new iso with autorun features."
"Webshag","website","Webshag is a multi-threaded, multi-platform web server audit tool. Written in Python, it gathers commonly useful functionalities for web server auditing like website crawling, URL scanning or file fuzzing. "
"cisco-torch","website","Cisco Torch mass scanning, fingerprinting, and exploitation tool was written while working on the next edition of the &quot;Hacking Exposed Cisco Networks&quot;, since the tools available on the market could not meet our needs. "
"GoLismero","website","GoLismero is an open source framework for security testing. It&#039;s currently geared towards web security, but it can easily be expanded to other kinds of scans."
"DNSChef","website","DNSChef is a highly configurable DNS proxy for Penetration Testers and Malware Analysts. A DNS proxy (aka &quot;Fake DNS&quot;) is a tool used for application network traffic analysis among other uses."
"Dumpzilla","website","Dumpzilla application is developed in Python 3.x and has as purpose extract all forensic interesting information of Firefox, Iceweasel and Seamonkey browsers to be analyzed. Due to its Python 3.x developement, might not work properly in old Python versions, mainly with certain characters."
"xspy","website","Sniffs keystrokes on remote or local X-Windows servers."
"RSMangler","website","RSMangler will take a wordlist and perform various manipulations on it similar to those done by John the Ripper the main difference being that it will first take the input words and generate all permutations and the acronym of the words (in order they appear in the file) before it applies the rest of the mangles."
"wpaclean","website","wpaclean is a small utility included in the aircrack-ng package that is used to clean capture files to get only the 4-way handshake and a beacon."
"Johnny","website","Johnny provides a GUI for the John the Ripper password cracking tool."
"sqlsus","website","sqlsus is an open source MySQL injection and takeover tool, written in perl. Via a command line interface, you can retrieve the database(s) structure, inject your own SQL queries (even complex ones), download files from the web server, crawl the website for writable directories, upload and control a backdoor, clone the database(s), and much more."
"Volatility","website","The Volatility Framework is a completely open collection of tools, implemented in Python under the GNU General Public License, for the extraction of digital artifacts from volatile memory (RAM) samples."
"InSpy","website","InSpy is a Python-based LinkedIn enumeration tool with two functionalities: TechSpy and EmpSpy. TechSpy crawls LinkedIn job listings for technologies used by the target company. InSpy attempts to identify technologies by matching job descriptions to keywords from a newline-delimited file."
"crunch","website","Crunch is a wordlist generator where you can specify a standard character set or a character set you specify. crunch can generate all possible combinations and permutations."
"Multimon-NG","website","MultimonNG a fork of multimon. It decodes a large number of digital transmission modes."
"sctpscan","website","SCTPscan is a tool to scan SCTP enabled machines. Typically, these are Telecom oriented machines carrying SS7 and SIGTRAN over IP. Using SCTPscan, you can find entry points to Telecom networks. This is especially useful when doing pentests on Telecom Core Network infrastructures."
"copy-router-config","website","Copies configuration files from Cisco devices running SNMP.&lt;p&gt;"
"fimap","website","fimap is a little python tool which can find, prepare, audit, exploit and even google automaticly for local and remote file inclusion bugs in webapps. fimap should be something like sqlmap just for LFI/RFI bugs instead of sql injection."
"hash-identifier","website","Software to identify the different types of hashes used to encrypt data and especially passwords."
"Bluelog","website","Bluelog is a Linux Bluetooth scanner with optional daemon mode and web front-end, designed for site surveys and traffic monitoring. It&#039;s intended to be run for long periods of time in a static location to determine how many discoverable Bluetooth devices there are in the area."
"Bluesnarfer","website","A Bluetooth bluesnarfing Utility."
"ShellNoob","website","Writing shellcodes has always been super fun, but some parts are extremely boring and error prone. Focus only on the fun part, and use ShellNoob!"
"SSLsplit","website","SSLsplit is a tool for man-in-the-middle attacks against SSL/TLS encrypted network connections. Connections are transparently intercepted through a network address translation engine and redirected to SSLsplit. SSLsplit terminates SSL/TLS and initiates a new SSL/TLS connection to the original destination address, while logging all data transmitted."
"dnsmap","website","dnsmap was originally released back in 2006 and was inspired by the fictional story &quot;The Thief No One Saw&quot; by Paul Craig, which can be found in the book &quot;Stealing the Network - How to 0wn the Box&quot;."
"content="Wifi","website","This script creates five monitor mode interfaces, four are used as APs and the fifth is used for airodump-ng. To make things easier, rather than having five windows all this is done in a screen session which allows you to switch between screens to see what is going on. All sessions are labelled so you know which is which."
"Foremost","website","Foremost is a forensic program to recover lost files based on their headers, footers, and internal data structures. Foremost can work on image files, such as those generated by dd, Safeback, Encase, etc, or directly on a drive."
"Airserv-ng","website","Airserv-ng is a wireless card server that allows multiple wireless application programs to independently use a wireless card via a client-server TCP network connection."
"jboss-autopwn","website","This JBoss script deploys a JSP shell on the target JBoss AS server. Once deployed, the script uses its upload and command execution capability to provide an interactive session."
"enumIAX","website","enumIAX is an Inter Asterisk Exchange protocol username brute-force enumerator. enumIAX may operate in two distinct modes; Sequential Username Guessing or Dictionary Attack."
"BlueRanger","website","BlueRanger is a simple Bash script which uses Link Quality to locate Bluetooth device radios. It sends l2cap (Bluetooth) pings to create a connection between Bluetooth interfaces, since most devices allow pings without any authentication or authorization. The higher the link quality, the closer the device (in theory)."
"SMBMap","website","SMBMap allows users to enumerate samba share drives across an entire domain. List share drives, drive permissions, share contents, upload/download functionality, file name auto-download pattern matching, and even execute remote commands."
"THC-pptp-bruter","website","Brute force program against pptp vpn endpoints (tcp port 1723). Fully standalone. Supports latest MSChapV2 authentication. Tested against Windows and Cisco gateways. Exploits a weakness in Microsoft&#039;s anti-brute force implementation which makes it possible to try 300 passwords the second."
"RidEnum","website","Rid Enum is a RID cycling attack that attempts to enumerate user accounts through null sessions and the SID to RID enum. If you specify a password file, it will automatically attempt to brute force the user accounts when its finished enumerating."
"Airtun-ng","website","Airtun-ng is a virtual tunnel interface creator and is included in the aircrack-ng package."
"DHCPig","website","DHCPig initiates an advanced DHCP exhaustion attack. It will consume all IPs on the LAN, stop new users from obtaining IPs, release any IPs in use, then for good measure send gratuitous ARP and knock all windows hosts offline."
"Gqrx","website","Gqrx is a software defined radio receiver powered by the GNU Radio SDR framework and the Qt graphical toolkit. Gqrx supports many of the SDR hardware available, including Funcube Dongles, rtl-sdr, HackRF and USRP devices."
"Skipfish","website","Skipfish is an active web application security reconnaissance tool. It prepares an interactive sitemap for the targeted site by carrying out a recursive crawl and dictionary-based probes. The resulting map is then annotated with the output from a number of active (but hopefully non-disruptive) security checks."
"iaxflood","website","A UDP Inter-Asterisk_eXchange (i.e. IAX) packet was captured from an IAX channel between two Asterisk IP PBX&#039;s. The content of that packet is the source of the payload for the attack embodied by this tool."
"rcracki-mt","website","rcracki_mt is a modified version of rcrack which supports hybrid and indexed tables. In addition to that, it also adds multi-core support."
"oclgausscrack","website","The goal of the program is to crack the verification hash of the encrypted payload of the Gauss Virus. Uses OpenCL to accelerate the 10k MD5 loop."
"edb-debugger","website","A Linux equivalent of the famous Olly debugger on the Windows platform."
"mfcuk","website","Toolkit containing samples and various tools based on and around libnfc and crapto1, with emphasis on Mifare Classic NXP/Philips RFID cards."
"braa","website","Braa is a mass snmp scanner. The intended usage of such a tool is of course making SNMP queries - but unlike snmpget or snmpwalk from net-snmp, it is able to query dozens or hundreds of hosts simultaneously, and in a single process. Thus, it consumes very few system resources and does the scanning VERY fast."
"SQLdict","website","SQLdict is a dictionary attack tool for SQL Server."
"Wesside-ng","website","Wesside-ng is an auto-magic tool which incorporates a number of techniques to seamlessly obtain a WEP key in minutes."
"URLCrazy","website","Generate and test domain typos and variations to detect and perform typo squatting, URL hijacking, phishing, and corporate espionage."
"hURL","website","hURL is a small utility that can encode and decode between multiple formats."
"Faraday","website","Faraday introduces a new concept - IPE (Integrated Penetration-Test Environment) a multiuser Penetration test IDE. Designed for distribution, indexation and analysis of the data generated during a security audit."
"ophcrack","website","Ophcrack is a free Windows password cracker based on rainbow tables. It is a very efficient implementation of rainbow tables done by the inventors of the method. It comes with a Graphical User Interface and runs on multiple platforms."
"keimpx","website","keimpx is an open source tool, released under a modified version of Apache License 1.1. It can be used to quickly check for valid credentials across a network over SMB."
"ident-user-enum","website","ident-user-enum on Kali Linux is a simple PERL script to query the ident service (113/TCP) in order to determine the owner of the process listening on each TCP port of a target system."
"Arduino","website","Arduino is an open-source electronics prototyping platform based on flexible, easy-to-use hardware and software. It&#039;s intended for artists, designers, hobbyists, and anyone interested in creating interactive objects or environments."
"SniffJoke","website","SniffJoke is an application for Linux that handle transparently your TCP connection, delaying, modifyng and inject fake packets inside your transmission, make them almost impossible to be correctly readed by a passive wiretapping technology (IDS or sniffer)."
"sbd","website","sbd is a Netcat-clone, designed to be portable and offer strong encryption. It runs on Unix-like operating systems and on Microsoft Win32. sbd features AES-CBC-128 + HMAC-SHA1 encryption (by Christophe Devine), program execution (-e option), choosing source port, continuous reconnection with delay, and some other nice features. sbd supports TCP/IP communication only."
"SSLyze","website","SSLyze is a Python tool that can analyze the SSL configuration of a server by connecting to it. It is designed to be fast and comprehensive, and should help organizations and testers identify misconfigurations affecting their SSL servers."
"Gobuster","website","Gobuster is a web content scanner that looks for existing (and/or hidden) web objects. It basically works by launching a dictionary based attack against a web server and analyzing the response."
"pipal","website","All this tool does is to give you the stats and the information to help you analyse the passwords. The real work is done by you in interpreting the results."
"sslcaudit","website","The goal of sslcaudit project is to develop a utility to automate testing SSL/TLS clients for resistance against MITM attacks. It might be useful for testing a thick client, a mobile application, an appliance, pretty much anything communicating over SSL/TLS over TCP."
"DirBuster","website","DirBuster is a multi threaded java application designed to brute force directories and files names on web/application servers."
"WOL-E","website","WOL-E is a suite of tools for the Wake on LAN feature of network attached computers, this is now enabled by default on many Apple computers."
"content="Linux","website","As the name suggests, this is a Linux Exploit Suggester, with no frills and no fancy features; just a simple script to keep track of vulnerabilities and suggest possible exploits to use to gain ‘root‘ on a legitimate penetration test, or governing examining body."
"TrueCrack","website","TrueCrack is a brute-force password cracker for TrueCrypt volumes. It works on Linux and it is optimized for Nvidia Cuda technology."
"SidGuesser","website","Guesses sids/instances against an Oracle database according to a predefined dictionary file. The speed is slow (80-100 guesses per second) but it does the job."
"Inundator","website","Inundator is a multi-threaded, queue-driven, anonymous intrusion detection false positives generator with support for multiple targets."
"Capstone","website","Capstone is a disassembly framework with the target of becoming the ultimate disasm engine for binary analysis and reversing in the security community."
"theHarvester","website","The objective of this program is to gather emails, subdomains, hosts, employee names, open ports and banners from different public sources like search engines, PGP key servers and SHODAN computer database."
"Powerfuzzer","website","Powerfuzzer is a highly automated and fully customizable web fuzzer (HTTP protocol based application fuzzer) based on many other Open Source fuzzers available and information gathered from numerous security resources and websites. It was designed to be user friendly, modern, effective and working."
"Sublist3r","website","Sublist3r is a python tool designed to enumerate subdomains of websites using OSINT. It helps penetration testers and bug hunters collect and gather subdomains for the domain they are targeting. Sublist3r enumerates subdomains using many search engines such as Google, Yahoo, Bing, Baidu, and Ask."
"cisco-ocs","website","A mass Cisco scanning tool."
"Nishang","website","Nishang is a framework and collection of scripts and payloads which enables usage of PowerShell for offensive security and post exploitation during Penetraion Tests. The scripts are written on the basis of requirement by the author during real Penetration Tests."
"Automater","website","Automater is a URL/Domain, IP Address, and Md5 Hash OSINT tool aimed at making the analysis process easier for intrusion Analysts. Given a target (URL, IP, or HASH) or a file full of targets Automater will return relevant results from sources like the following: IPvoid.com, Robtex.com, Fortiguard.com, unshorten.me, Urlvoid.com, Labs.alienvault.com, ThreatExpert, VxVault, and VirusTotal."
"wordlists","website","This package contains the rockyou wordlist and contains symlinks to a number of other password files present in the Kali Linux distribution. This package has an installation size of 134 MB."
"SET","website","The Social-Engineer Toolkit is an open-source penetration testing framework designed for Social-Engineering. SET has a number of custom attack vectors that allow you to make a believable attack in a fraction of the time. "
"phrasendrescher","website","phrasen|drescher (p|d) is a modular and multi processing pass phrase cracking tool. It comes with a number of plugins but a simple plugin API allows an easy development of new plugins."
"twofi","website","An interesting idea originally released on the &quot;7 Habits of Highly Effective Hackers&quot; blog was to use Twitter to help generate those lists based on searches for keywords related to the list that is being cracked. This idea has been expanded into twofi which will take multiple search terms and return a word list sorted by most common first."
"ua-tester","website","This tool is designed to automatically check a given URL using a list of standard and non-standard User Agent strings provided by the user (1 per line). The results of these checks are then reported to the user for further manual analysis where required."
"Valgrind","website","Valgrind is a system for debugging and profiling Linux programs. With its tool suite you can automatically detect many memory management and threading bugs, avoiding hours of frustrating bug-hunting and making your programs more stable. You can also perform detailed profiling to help speed up your programs and use Valgrind to build new tools."
"http-tunnel","website","Creates a bidirectional virtual data stream tunnelled in HTTP requests. The requests can be sent via a HTTP proxy if so desired. This can be useful for users behind restrictive firewalls. If WWW access is allowed through a HTTP proxy, it&#039;s possible to use httptunnel and, say, telnet or PPP to connect to a computer outside the firewall.&lt;p&gt;"
"RegRipper","website","RegRipper is an open source tool, written in Perl, for extracting/parsing information (keys, values, data) from the Registry and presenting it for analysis."
"Airmon-ng","website","Airmon-ng is included in the aircrack-ng package and is used to enable and disable monitor mode on wireless interfaces. It may also be used to go back from monitor mode to managed mode."
"Fierce","website","First what Fierce is not. Fierce is not an IP scanner, it is not a DDoS tool, it is not designed to scan the whole Internet or perform any un-targeted attacks. It is meant specifically to locate likely targets both inside and outside a corporate network."
"Wfuzz","website","Wfuzz is a tool designed for bruteforcing Web Applications, it can be used for finding resources not linked (directories, servlets, scripts, etc), bruteforce GET and POST parameters for checking different kind of injections (SQL, XSS, LDAP,etc), bruteforce Forms parameters (User/Password), Fuzzing,etc."
"SlowHTTPTest","website","SlowHTTPTest is a highly configurable tool that simulates some Application Layer Denial of Service attacks. It works on majority of Linux platforms, OSX and Cygwin - a Unix-like environment and command-line interface for Microsoft Windows."
"MagicTree","website","MagicTree is a penetration tester productivity tool. It is designed to allow easy and straightforward data consolidation, querying, external command execution and report generation."
"Sakis3G","website","Sakis3G is a tweaked shell script which is supposed to work out-of-the-box for establishing a 3G connection with any combination of modem or operator. It automagically setups your USB or Bluetooth™ modem, and may even detect operator settings. You should try it when anything else fails."
"pdf-parser","website","This tool will parse a PDF document to identify the fundamental elements used in the analyzed file. It will not render a PDF document."
"CryptCat","website","CryptCat is a simple Unix utility which reads and writes data across network connections, using TCP or UDP protocol while encrypting the data being transmitted. It is designed to be a reliable &quot;back-end&quot; tool that can be used directly or easily driven by other programs and scripts."
"masscan","website","This is the fastest Internet port scanner. It can scan the entire Internet in under 6 minutes, transmitting 10 million packets per second."
"Webshells","website","A collection of webshells for ASP, ASPX, CFM, JSP, Perl, and PHP servers.&lt;p&gt;"
"mfoc","website","MFOC is an open source implementation of &quot;offline nested&quot; attack by Nethemba. This program allow to recover authentication keys from MIFARE Classic card."
"CmosPwd","website","CmosPwd is a cross-platform tool to decrypt password stored in CMOS used to access a computer&#039;s BIOS setup."
"DNSRecon","website","A powerful DNS enumeration script"
"t50","website","Multi-protocol packet injector tool for *nix systems, actually supporting 15 protocols. Features: - Flooding - CIDR support - TCP, UDP, ICMP, IGMPv2, IGMPv3, EGP, DCCP, RSVP, RIPv1, RIPv2, GRE, ESP, AH, EIGRP and OSPF support. - TCP Options. - High performance. - Can hit about 1.000.000 packets per second."
"TLSSLed","website","TLSSLed is a Linux shell script whose purpose is to evaluate the security of a target SSL/TLS (HTTPS) web server implementation. It is based on sslscan, a thorough SSL/TLS scanner that is based on the openssl library, and on the &quot;openssl s_client&quot; command line tool."
"ohrwurm","website","ohrwurm is a small and simple RTP fuzzer that has been successfully tested on a small number of SIP phones."
"inviteflood","website","A tool to perform SIP/SDP INVITE message flooding over UDP/IP."
"CutyCapt","website","CutyCapt is a small cross-platform command-line utility to capture WebKit&#039;s rendering of a web page into a variety of vector and bitmap formats, including SVG, PDF, PS, PNG, JPEG, TIFF, GIF, and BMP."
"Doona","website","Doona is a fork of the Bruteforce Exploit Detector Tool (BED). BED is a program which is designed to check daemons for potential buffer overflows, format string bugs etc."
"snmp-check","website","Like to snmpwalk, snmpcheck allows you to enumerate the SNMP devices and places the output in a very human readable friendly format. It could be useful for penetration testing or systems monitoring. Distributed under GPL license and based on &quot;Athena-2k&quot; script by jshaw."
"Cymothoa","website","Cymothoa is a stealth backdooring tool, that inject backdoor&#039;s shellcode into an existing process. The tool uses the ptrace library (available on nearly all * nix), to manipulate processes and infect them."
"Metagoofil","website","Metagoofil is an information gathering tool designed for extracting metadata of public documents (pdf,doc,xls,ppt,docx,pptx,xlsx) belonging to a target company."
"content="jSQL","website","jSQL Injection is a lightweight application used to find database information from a distant server. jSQL is free, open source and cross-platform (Windows, Linux, Mac OS X, Solaris)."
"Yersinia","website","Yersinia is a framework for performing layer 2 attacks. It is designed to take advantage of some weakeness in different network protocols. It pretends to be a solid framework for analyzing and testing the deployed networks and systems."
"CDPSnarf","website","
"&lt;p style=&quot;text-align: justify;&quot;&gt;CDPSnarf is a network sniffer exclusively written to extract information from CDP packets."
"content="iPhone","website","iPhone Backup Analyzer is an utility designed to easily browse through the backup folder of an iPhone (or any other iOS device). Read configuration files, browse archives, lurk into databases, and so on."
"dc3dd","website","dc3dd is a patched version of GNU dd with added features for computer forensics:. * on the fly hashing (md5, sha-1, sha-256, and sha-512) * possibility to write errors to a file * group errors in the error log * pattern wiping * progress report * possiblity to split output "
"EyeWitness","website","EyeWitness is designed to take screenshots of websites, RDP services, and open VNC servers, provide some server header info, and identify default credentials if possible."
"apktool","website","It is a tool for reverse engineering 3rd party, closed, binary Android apps. It can decode resources to nearly original form and rebuild them after making some  modifications; it makes possible to debug smali code step by step."
"rtpinsertsound","website","A tool to insert audio into a specified audio (i.e. RTP) stream was created in the August - September 2006 timeframe. The tool is named rtpinsertsound."
"Aircrack-ng","website","Aircrack-ng is an 802.11 WEP and WPA-PSK keys cracking program that can recover keys once enough data packets have been captured. It implements the standard FMS attack along with some optimizations like KoreK attacks, as well as the all-new PTW attack."
"Nmap","website","Nmap (&quot;Network Mapper&quot;) is a free and open source (license) utility for network discovery and security auditing. Many systems and network administrators also find it useful for tasks such as network inventory, managing service upgrade schedules, and monitoring host or service uptime."
"HexorBase","website","HexorBase is a database application designed for administering and auditing multiple database servers simultaneously from a centralized location, it is capable of performing SQL queries and bruteforce attacks against common database servers (MySQL, SQLite, Microsoft SQL Server, Oracle, PostgreSQL )."
"hamster-sidejack","website","Hamster is a tool or &quot;sidejacking&quot;. It acts as a proxy server that replaces your cookies with session cookies stolen from somebody else, allowing you to hijack their sessions. Cookies are sniffed using the Ferret program. You need a copy of that as well."
"VoIPHopper","website","VoIP Hopper is a GPLv3 licensed security tool, written in C, that rapidly runs a VLAN Hop into the Voice VLAN on specific ethernet switches. VoIP Hopper does this by mimicking the behavior of an IP Phone, in Cisco, Avaya, Nortel, and Alcatel-Lucent environments."
"THC-Hydra","website","Hydra is a parallelized login cracker which supports numerous protocols to attack. It is very fast and flexible, and new modules are easy to add. This tool makes it possible for researchers and security consultants to show how easy it would be to gain unauthorized access to a system remotely."
"content="Burp","website","Burp Suite is an integrated platform for performing security testing of web applications. Its various tools work seamlessly together to support the entire testing process, from initial mapping and analysis of an application&#039;s attack surface, through to finding and exploiting security vulnerabilities."
"Firewalk","website","Firewalk is an active reconnaissance network security tool that attempts to determine what layer 4 protocols a  given IP forwarding device will pass. Firewalk  works  by sending out TCP or UDP packets with a TTL one greater than the targeted gateway."
"RainbowCrack","website","RainbowCrack is a general propose implementation of Philippe Oechslin&#039;s faster time-memory trade-off technique. It crack hashes with rainbow tables."
"Paros","website","A Java based HTTP/HTTPS proxy for assessing web application vulnerability. It supports editing/viewing HTTP messages on-the-fly. Other featuers include spiders, client certificate, proxy-chaining, intelligent scanning for XSS and SQL injections etc."
"rtpbreak","website","With rtpbreak you can detect, reconstruct and analyze any RTP session. It doesn&#039;t require the presence of RTCP packets and works independently form the used signaling protocol (SIP, H.323, SCCP, ...)."
"exploitdb","website","Searchable archive from The Exploit Database."
"content="Maltego","website","Maltego is a unique platform developed to deliver a clear threat picture to the environment that an organization owns and operates. Maltego’s unique advantage is to demonstrate the complexity and severity of single points of failure as well as trust relationships that exist currently within the scope of your infrastructure. "
"Ncrack","website","Ncrack is a high-speed network authentication cracking tool. It was built to help companies secure their networks by proactively testing all their hosts and networking devices for poor passwords. Security professionals also rely on Ncrack when auditing their clients."
"FunkLoad","website","FunkLoad is a functional and load web tester, written in Python."
"responder","website","This tool is first an LLMNR and NBT-NS responder, it will answer to *specific* NBT-NS (NetBIOS Name Service) queries based on their name suffix (see: http://support.microsoft.com/kb/163409). By default, the tool will only answers to File Server Service request, which is for SMB. The concept behind this, is to target our answers, and be stealthier on the network."
"ace-voip","website","ACE (Automated Corporate Enumerator) is a simple yet powerful VoIP Corporate Directory enumeration tool that mimics the behavior of an IP Phone in order to  download the name and extension entries that a given phone can display on its screen interface."
"hping3","website","hping is a command-line oriented TCP/IP packet assembler/analyzer. The interface is inspired to the ping(8) unix command, but hping isn&#039;t only able to send ICMP echo requests. It supports TCP, UDP, ICMP and RAW-IP protocols, has a traceroute mode, the ability to send files between a covered channel, and many other features."
"Guymager","website","Guymager is a free forensic imager for media acquisition."
"protos-sip","website","The purpose of this test-suite is to evaluate implementation level security and robustness of Session Initiation Protocol (SIP) implementations."
"Tkiptun-ng","website","Tkiptun-ng is the proof-of-concept implementation the WPA/TKIP attack. This attack is described in the paper, Practical attacks against WEP and WPA written by Martin Beck and Erik Tews. The paper describes advanced attacks on WEP and the first practical attack on WPA."
"Hashcat","website","hashcat is the world&#039;s fastest and most advanced password recovery utility, supporting five unique modes of attack for over 200 highly-optimized hashing algorithms. hashcat currently supports CPUs, GPUs, and other hardware accelerators on Linux, Windows, and OSX, and has facilities to help enable distributed password cracking."
"android-sdk","website","The Android SDK provides you the API libraries and developer tools necessary to build, test, and debug apps for Android."
"content="RTLSDR","website","
"&lt;p style=&quot;text-align: justify;&quot;&gt;A cross platform Python frequency scanning GUI for USB TV dongles, using the OsmoSDR rtl-sdr library."
"deblaze","website","Through the use of the Flex programming model and the ActionScript language, Flash Remoting was born. Flash applications can make request to a remote server to call server side functions, such as looking up accounts, retrieving additional data and graphics, and performing complex business operations."
"fragroute","website","fragroute intercepts, modifies, and rewrites egress traffic destined for a specified host, implementing most of the attacks described in the Secure Networks &quot;Insertion, Evasion, and Denial of Service: Eluding Network Intrusion Detection&quot; paper of January 1998."
"lbd","website","lbd (load balancing detector) detects if a given domain uses DNS and/or HTTP Load-Balancing (via Server: and Date: header and diffs between server answers)."
"dns2tcp","website","Dns2tcp is a network tool designed to relay TCP connections through DNS traffic. Encapsulation is done on the TCP level, thus no specific driver is needed (i.e: TUN/TAP). Dns2tcp client doesn&#039;t need to be run with specific privileges."
"sfuzz","website","simple fuzz is exactly what it sounds like - a simple fuzzer. don&#039;t mistake simple with a lack of fuzz capability. this fuzzer has two network modes of operation, an output mode for developing command line fuzzing scripts, as well as taking fuzzing strings from literals and building strings from sequences."
"Airodump-ng","website","Airodump-ng is included in the aircrack-ng package and is used for packet capturing of raw 802.11 frames. It is ideal for collecting WEP IVs for use with aircrack-ng. If you have a GPS receiver connected to the computer, airodump-ng can log the coordinates of the discovered access points."
"dnswalk","website","dnswalk is a DNS debugger. It performs zone transfers of specified domains, and checks the database in numerous ways for internal consistency, as well as accuracy."
"DAVTest","website","DAVTest tests WebDAV enabled servers by uploading test executable files, and then (optionally) uploading files which allow for command execution or other actions directly on the target. It is meant for penetration testers to quickly and easily determine if enabled DAV services are exploitable."
"XSSer","website","Cross Site &quot;Scripter&quot; (aka XSSer) is an automatic -framework- to detect, exploit and report XSS vulnerabilities in web-based applications. It contains several options to try to bypass certain filters, and various special techniques of code injection."
"Wireshark","website","Wireshark is the world&#039;s foremost network protocol analyzer. It lets you see what&#039;s happening on your network at a microscopic level. It is the de facto (and often de jure) standard across many industries and educational institutions. Wireshark development thrives thanks to the contributions of networking experts across the globe. It is the continuation of a project that started in 1998."
"Maskprocessor","website","Maskprocessor is a High-Performance word generator with a per-position configureable charset packed into a single stand-alone binary. Maskprocessor is a High-Performance word generator with a per-position configureable charset packed into a single stand-alone binary."
"enum4linux","website","A Linux alternative to enum.exe for enumerating data from Windows and Samba hosts."
"joomscan","website","Joomla! is probably the most widely-used CMS out there due to its flexibility, user-friendlinesss, extensibility to name a few. So, watching its vulnerabilities and adding such vulnerabilities as KB to Joomla scanner takes ongoing activity."
"Packetforge-ng","website","The purpose of packetforge-ng is to create encrypted packets that can subsequently be used for injection. You may create various types of packets such as arp requests, UDP, ICMP and custom packets. The most common use is to create ARP requests for subsequent injection."
"diStorm3","website","diStorm is a lightweight, easy-to-use and fast decomposer library. diStorm disassembles instructions in 16, 32 and 64 bit modes. Supported instruction sets: FPU, MMX, SSE, SSE2, SSE3, SSSE3, SSE4, 3DNow! (w/ extensions), new x86-64 instruction sets, VMX, AMD&#039;s SVM and AVX!"
"rtpflood","website","A command line tool used to flood any device that is processing RTP.&lt;p&gt;"
"fiked","website","FakeIKEd, or fiked for short, is a fake IKE daemon supporting just enough of the standards and Cisco extensions to attack commonly found insecure Cisco VPN PSK+XAUTH based IPsec authentication setups in what could be described as a semi MitM attack."
"nbtscan-unixwiz","website","nbtscan-unixwiz is a command-line tool that scans for open NETBIOS nameservers on a local or remote TCP/IP network, and this is a first step in finding of open shares."
"Lynis","website","Lynis is an open source security auditing tool. Its main goal is to audit and harden Unix and Linux based systems. It scans the system by performing many security control checks. Examples include searching for installed software and determine possible configuration flaws."
"CeWL","website","CeWL is a ruby app which spiders a given url to a specified depth, optionally following external links, and returns a list of words which can then be used for password crackers such as John the Ripper."
"iSMTP","website","Test for SMTP user enumeration (RCPT TO and VRFY), internal spoofing, and relay.&lt;p&gt;"
"dnsenum","website","Multithreaded perl script to enumerate DNS information of a domain and to discover non-contiguous ip blocks."
"Miranda","website","Miranda is a Python-based Universal Plug-N-Play client application designed to discover, query and interact with UPNP devices, particularly Internet Gateway Devices (aka, routers). It can be used to audit UPNP-enabled devices on a network for possible vulnerabilities."
"content="Ghost","website","Ghost Phisher is a Wireless and Ethernet security auditing and attack software program written using the Python Programming Language and the Python Qt GUI library, the program is able to emulate access points and deploy."
"WebSploit","website","WebSploit Is an open source project for web application assessments."
"DMitry","website","DMitry (Deepmagic Information Gathering Tool) is a UNIX/(GNU)Linux Command Line Application coded in C. DMitry has the ability to gather as much information as possible about a host. Base functionality is able to gather possible subdomains, email addresses, uptime information, tcp port scan, whois lookups, and more."
"PadBuster","website","PadBuster is a Perl script for automating Padding Oracle Attacks. PadBuster provides the capability to decrypt arbitrary ciphertext, encrypt arbitrary plaintext, and perform automated response analysis to determine whether a request is vulnerable to padding oracle attacks."
"FreeRADIUS-WPE","website","A patch for the popular open-source FreeRADIUS implementation to demonstrate RADIUS impersonation vulnerabilities"
"acccheck","website","The tool is designed as a password dictionary attack tool that targets windows authentication via the SMB protocol. It is really a wrapper script around the &#039;smbclient&#039; binary, and as a result is dependent on it for its execution."
"Binwalk","website","Binwalk is a tool for searching a given binary image for embedded files and executable code. Specifically, it is designed for identifying files and code embedded inside of firmware images."
"DotDotPwn","website","It&#039;s a very flexible intelligent fuzzer to discover traversal directory vulnerabilities in software such as HTTP/FTP/TFTP servers, Web platforms such as CMSs, ERPs, Blogs, etc. "
"CaseFile","website","CaseFile is the little brother to Maltego. It targets a unique market of &#039;offline&#039; analysts whose primary sources of information are not gained from the open-source intelligence side or can be programmatically queried. We see these people as investigators and analysts who are working &#039;on the ground&#039;, getting intelligence from other people in the team and building up an information map of their investigation."
"YARA","website","With YARA you can create descriptions of malware families based on textual or binary patterns contained on samples of those families. Each description consists of a set of strings and a boolean expression which determines its logic. This package contains the command-line interface."
"bing-ip2hosts","website","Bing.com is a search engine owned by Microsoft formerly known as MSN Search and Live Search. It has a unique feature to search for websites hosted on a specific IP address. Bing-ip2hosts uses this feature to enumerate all hostnames which Bing has indexed for a specific IP address."
"ntop","website","ntop is a tool that shows the network usage, similar to what the popular top Unix command does. ntop is based on pcapture (ftp://ftp.ee.lbl.gov/pcapture.tar.Z) and it has been written in a portable way in order to virtually run on every Unix platform."
"coWPAtty","website","Implementation of an offline dictionary attack against WPA/WPA2 networks using PSK-based authentication (e.g. WPA-Personal)."
"Vega","website","Vega is a free and open source scanner and testing platform to test the security of web applications. Vega can help you find and validate SQL Injection, Cross-Site Scripting (XSS), inadvertently disclosed sensitive information, and other vulnerabilities. It is written in Java."
"unix-privesc-check","website","Unix-privesc-checker is a script that runs on Unix systems (tested on Solaris 9, HPUX 11, Various Linuxes, FreeBSD 6.2). It tries to find misconfigurations that could allow local unprivileged users to escalate privileges to other users or to access local apps (e.g. databases)."
"polenum","website","polenum is a python script which uses the Impacket Library from CORE Security Technologies to extract the password policy information from a windows machine."
"isr-evilgrade","website","Evilgrade is a modular framework that allows the user to take advantage of poor upgrade implementations by injecting fake updates. It comes with pre-made binaries (agents), a working default configuration for fast pentests, and has it&#039;s own WebServer and DNSServer modules."
"dos2unix","website","This package contains utilities dos2unix, unix2dos, mac2unix, unix2mac to convert the line endings of text files between UNIX (LF), DOS (CRLF) and Mac (CR) formats."
"content="Fern","website","Fern Wifi Cracker is a Wireless security auditing and attack software program written using the Python Programming Language and the Python Qt GUI library, the program is able to crack and recover WEP/WPA/WPS keys and also run other network based attacks on wireless or ethernet based networks."
"apache-users","website","This Perl script will enumerate the usernames on any system that uses Apache with the UserDir module."
"ProxyStrike","website","ProxyStrike is an active Web Application Proxy. It&#039;s a tool designed to find vulnerabilities while browsing an application. It was created because the problems we faced in the pentests of web applications that depends heavily on Javascript, not many web scanners did it good in this stage, so we came with this proxy."
"patator","website","Patator is a multi-purpose brute-forcer, with a modular design and a flexible usage."
"cherrytree","website","A hierarchical note taking application, featuring rich text and syntax highlighting, storing data in a single xml or sqlite file."
"wifiphisher","website","Wifiphisher is an effective rogue Access Point tool downloaded by hundreds of Wi-Fi hackers everyday. It is free and open source software currently available for Linux."
"redfang","website","RedFang is a small proof-of-concept application to find non discoverable Bluetooth devices. This is done by brute forcing the last six (6) bytes of the Bluetooth address of the device and doing a read_remote_name()."
"fragrouter","website","Fragrouter is a network intrusion detection evasion toolkit. It implements most of the attacks described in the Secure Networks &quot;Insertion, Evasion, and Denial of Service: Eluding Network Intrusion Detection&quot; paper of January 1998."
"BlindElephant","website","The BlindElephant Web Application Fingerprinter attempts to discover the version of a (known) web application by comparing static files at known locations against precomputed hashes for versions of those files in all all available releases. The technique is fast, low-bandwidth, non-invasive, generic, and highly automatable"
"Kismet","website","Kismet is an 802.11 layer-2 wireless network detector, sniffer, and intrusion detection system. It will work with any wireless card that supports raw monitoring (rfmon) mode, and can sniff 802.11a/b/g/n traffic. It can use other programs to play audio alarms for network events, read out network summaries, or provide GPS coordinates."
"Intersect","website","
"&lt;p style=&quot;text-align: justify;&quot;&gt;Intersect 2.5 is the second major release in the project line. This release is much different from the previous,"
"Spooftooph","website","Spooftooph is designed to automate spoofing or cloning Bluetooth device information. Make a Bluetooth device hide in plain site."
"Wifitap","website","Wifitap is a proof of concept for communication over WiFi networks using traffic injection. Wifitap allows any application do send and receive IP packets using 802.11 traffic capture and injection over a WiFi network simply configuring wj0."
"Uniscan","website","Uniscan is a simple Remote File Include, Local File Include and Remote Command Execution vulnerability scanner."
"Dradis","website","
"&lt;p style=&quot;text-align: justify;&quot;&gt;Dradis is an open source framework to enable effective information sharing, specially during security assessments."
"HTTPTunnel","website","HTTPTunnel is a tunneling software that can tunnel network connections through restrictive HTTP proxies over pure HTTP &quot;GET&quot; and &quot;POST&quot; requests."
"airodump-ng-oui-update","website","airodump-ng-oui-update is a small utility included in the aircrack-ng package and is used to download the OUI list from the IEEE."
"Galleta","website","Galleta is a forensic tool that examines the content of cookie files produced by Microsofts Internet Explorer. It parses the file and outputs a field separated that can be loaded in a spreadsheet."
"crowbar","website","Crowbar (formally known as Levye) is a brute forcing tool that can be used during penetration tests. It was developed to brute horse some protocols in a different manner according to other popular brute forcing tools. "
